{
  "analysis_date": "2025-08-02T14:19:56.424030",
  "total_members": 531,
  "total_trades": 1755,
  "trading_members": 331,
  "total_volume": 750631000.0,
  "avg_trade_amount": 427709.9715099715,
  "compliance_rate": 84.61538461538461
}